WO,Timestamp,OAR,Customer,Customer Code,Unique Production ID,Part No,Internal Part Code,Internal id,Region,GRADE,Customer Grade,Order Type,Order Category,Customer PO Number,Cust Delivery Date,PO Rate per Piece,PO Quantity,WO Quantity,Remarks,WO Type,STATS,,SETUP,COMMITMENT NATURE,Part Route,PRIORITY,Dispatch Date given by PPC,F1 - Planned Date,F2 Planned Date,F3_Planned_Date,FI_Planned_Date,REVISED COMMITMENT 1,REVISED COMMITMENT 2,REVISED COMMITMENT 3,F1 PRODUCE PLAN,F1 Produced (RCD),FG Qty ON ROUTE CARD,FG PRODUCED QTY,FG PRODUCED,F1 OK (RCD QTY),F1 Rejected (RCD Qty),F2 Produced,F2 Rejected,F3 Inward,F3 Rejected,FI ok qty,FI Rejected,Dispatched,Source,No of Pieces per RC,Planned FG Qty
WO-17476,2026-10-01 09:41:30,OAR-8269,Milacron India Pvt Ltd.,MIL,MIL109T621,11973863,109,MIL109,Gujarat,SG 450-M,60-45-15,Schedule,Serial,SCHEDULE,2026-10-13,8320,2,10,,Regular,OPEN,,,,,,,,,,,,,,,,,,,,,,,,,,,,,,
WO-17477,2026-10-01 09:42:41,OAR-8241,Bilva Technologies Pvt Ltd,BLV,BLV3T448,DIA 135 X 40,3,BLV3,Karnataka,SG 450-M,SG 450-M,Schedule,Serial,PO2526-BTPL384,2026-10-13,885,2000,50,,Regular,OPEN,,,,,,,,,,,,,,,,,,,,,,,,,,,,,,
WO-17478,2026-10-01 09:43:40,OAR-8104,ASB INTERNATIONAL PVT LTD,ASB,ASB3T443,A61I0186100,3,ASB3,Maharashtra,SG 500-B,SG 500/7,PO,Serial,ZPLR/3310004839,2026-10-20,13381.09,45,10,,Regular,OPEN,,,,,,,,,,,,,,,,,,,,,,,,,,,,,,
WO-17479,2026-10-01 14:27:52,OAR-8347,Yuken India Ltd,YUK,YUK35T169,52±0.5 X 48±0.2 X 78±1 mm,35,YUK35,Karnataka,SG 450-S,SG 450-S,PO,Serial,1270300030,2026-10-15,387,300,10,,Regular,,,,,,,,,,,,,,,,,,,,,,,,,,,,,,,
WO-17480,2026-10-01 14:31:01,OAR-8347,Yuken India Ltd,YUK,YUK35T169,52±0.5 X 48±0.2 X 78±1 mm,35,YUK35,Karnataka,SG 450-S,SG 450-S,PO,Serial,1270300030,2026-10-22,387,300,7,,Regular,,,,,,,,,,,,,,,,,,,,,,,,,,,,,,,
WO-17481,2026-10-01 14:31:41,OAR-8348,Yuken India Ltd,YUK,YUK39T110,48±0.2x48±0.2x48±0.2,39,YUK39,Karnataka,SG 500-S,SG 500-S,PO,Serial,1270300030,2026-10-22,259,300,10,,Conversion,OPEN,,,,,,,,,,,,,,,,,,,,,,,,,,,,,,
WO-17482,2026-10-01 14:32:01,OAR-8348,Yuken India Ltd,YUK,YUK39T110,48±0.2x48±0.2x48±0.2,39,YUK39,Karnataka,SG 500-S,SG 500-S,PO,Serial,1270300030,2026-10-15,259,300,5,,Regular,,,,,,,,,,,,,,,,,,,,,,,,,,,,,,,
WO-17483,2026-10-01 14:32:37,OAR-8349,Yuken India Ltd,YUK,YUK40T110,48±0.2x48±0.2x41±1,40,YUK40,Karnataka,SG 500-S,SG 500-S,PO,Serial,1270300030,2026-10-15,240,300,20,,Conversion,OPEN,,,,,,,,,,,,,,,,,,,,,,,,,,,,,,
WO-17485,2026-10-01 14:33:56,OAR-8343,"ACE Designers Limited, Bangalore",ACD,ACD12T410,CA11106P0027,12,ACD12,Karnataka,SG 450-S,SG 450/10,PO,Serial,1000191159,2026-10-15,2508,50,10,,Regular,,,,,,,,,,,,,,,,,,,,,,,,,,,,,,,
WO-17486,2026-10-01 14:34:22,OAR-8344,"ACE Designers Limited, Bangalore",ACD,ACD32T508,CA19110P0091,32,ACD32,Karnataka,SG 500-M,SG 500-M,PO,Serial,1000191159,2026-10-15,8760,2,2,,Regular,,,,,,,,,,,,,,,,,,,,,,,,,,,,,,,
WO-17487,2026-10-01 14:35:53,OAR-8304,"Auma India Private Limited,",AUM,AUM44T525,Z205.242-01,44,AUM44,Karnataka,SG 600/3,SG 600/3,PO,Serial,9803536,2026-10-15,8043,15,10,,Regular,OPEN,,,,,,,,,,,,,,,,,,,,,,,,,,,,,,
WO-17488,2026-10-01 14:36:14,OAR-8304,"Auma India Private Limited,",AUM,AUM44T525,Z205.242-01,44,AUM44,Karnataka,SG 600/3,SG 600/3,PO,Serial,9803536,2026-10-08,8043,15,5,,Regular,,,,,,,,,,,,,,,,,,,,,,,,,,,,,,,
WO-17489,2026-10-01 14:36:59,OAR-8305,"Auma India Private Limited,",AUM,AUM3T619,Z205.294-01,3,AUM3,Karnataka,SG 600-S,SG 600-S,PO,Serial,9803536,2026-10-08,7094,2,2,,Regular,,,,,,,,,,,,,,,,,,,,,,,,,,,,,,,
WO-17490,2026-10-01 14:38:00,OAR-8306,"Auma India Private Limited,",AUM,AUM70T402,Z205.371-01 ( OD 211 x 52 x 202 L ),70,AUM70,Karnataka,SG 600-B,SG 600-B,PO,Serial,9803536,2026-10-15,7181,30,10,,Regular,,,,,,,,,,,,,,,,,,,,,,,,,,,,,,,
WO-17491,2026-10-01 14:38:20,OAR-8306,"Auma India Private Limited,",AUM,AUM70T402,Z205.371-01 ( OD 211 x 52 x 202 L ),70,AUM70,Karnataka,SG 600-B,SG 600-B,PO,Serial,9803536,2026-10-15,7181,30,10,,Regular,,,,,,,,,,,,,,,,,,,,,,,,,,,,,,,
WO-17492,2026-10-01 14:38:38,OAR-8306,"Auma India Private Limited,",AUM,AUM70T402,Z205.371-01 ( OD 211 x 52 x 202 L ),70,AUM70,Karnataka,SG 600-B,SG 600-B,PO,Serial,9803536,2026-10-15,7181,30,10,,Regular,,,,,,,,,,,,,,,,,,,,,,,,,,,,,,,
WO-17493,2026-10-01 14:39:05,OAR-8307,"Auma India Private Limited,",AUM,AUM27T452,Z205.884-01 (OD251XID118X205),27,AUM27,Karnataka,SG 600/3,SG 600/3,PO,Serial,9803536,2026-10-08,9803,1,1,,Regular,,,,,,,,,,,,,,,,,,,,,,,,,,,,,,,
WO-17494,2026-10-01 14:42:31,OAR-8295,British Engines(India)Pvt.Ltd,BEL,BEL2T313,X8LC35054,2,BEL2,Karnataka,SG 500-M,SG 500-M,PO,Serial,P494800,2027-01-09,877.8,100,10,,Regular,,,,,,,,,,,,,,,,,,,,,,,,,,,,,,,
WO-17495,2026-10-01 14:43:55,OAR-8295,British Engines(India)Pvt.Ltd,BEL,BEL2T313,X8LC35054,2,BEL2,Karnataka,SG 500-M,SG 500-M,PO,Serial,P494800,2027-01-09,877.8,100,10,,Regular,,,,,,,,,,,,,,,,,,,,,,,,,,,,,,,
WO-17496,2026-10-01 14:44:19,OAR-8295,British Engines(India)Pvt.Ltd,BEL,BEL2T313,X8LC35054,2,BEL2,Karnataka,SG 500-M,SG 500-M,PO,Serial,P494800,2027-01-09,877.8,100,10,,Regular,,,,,,,,,,,,,,,,,,,,,,,,,,,,,,,
WO-17497,2026-10-01 14:44:40,OAR-8295,British Engines(India)Pvt.Ltd,BEL,BEL2T313,X8LC35054,2,BEL2,Karnataka,SG 500-M,SG 500-M,PO,Serial,P494800,2027-01-09,877.8,100,10,,Regular,,,,,,,,,,,,,,,,,,,,,,,,,,,,,,,
WO-17498,2026-10-01 14:45:12,OAR-8295,British Engines(India)Pvt.Ltd,BEL,09/01/2027,X8LC35054,2,BEL2,Karnataka,SG 500-M,SG 500-M,PO,Serial,P494800,2027-01-09,877.8,100,10,,Regular,,,,,,,,,,,,,,,,,,,,,,,,,,,,,,,
WO-17499,2026-10-01 14:46:09,OAR-8298,British Engines(India)Pvt.Ltd,BEL,BEL4T271,X04F0351007C,4,BEL4,Karnataka,SG 500-M,SG 500-M,PO,Serial,P494800,2026-10-15,747.6,33,8,,Regular,OPEN,,,,,,,,,,,,,,,,,,,,,,,,,,,,,,
WO-17500,2026-10-02 11:05:28,OAR-7412,Milacron India Pvt Ltd.,MIL,MIL121T624,11999608 TONNAGE CYL,121,MIL121,Gujarat,SG 450-M,SG 450-M,PO,Serial,Schedule,2026-10-07,37765,20,5,ADANI BUFFER,Regular,OPEN,,,,,,,,,,,,,,,,,,,,,,,,,,,,,,
WO-17501,2026-10-02 11:06:09,OAR-8262,Milacron India Pvt Ltd.,MIL,MIL56T2,11809980,56,MIL56,Gujarat,SG 450-B, FMIL 60-40-10,Schedule,Serial,SCHEDULE,2026-10-07,8198,14,8,ADANI BUFFER,Regular,OPEN,,,,,,,,,,,,,,,,,,,,,,,,,,,,,,
WO-17502,2026-10-02 11:49:23,OAR-8142,ASB INTERNATIONAL PVT LTD,ASB,ASB29T77,I5RF0627000,29,ASB29,Maharashtra,SG 450-B,SG 450/10,PO,Serial,ZPLR/3310004839,2026-10-13,24735.71,51,10,,Regular,OPEN,,,,,,,,,,,,,,,,,,,,,,,,,,,,,,
WO-17503,2026-10-02 11:50:01,OAR-8104,ASB INTERNATIONAL PVT LTD,ASB,ASB3T443,A61I0186100,3,ASB3,Maharashtra,SG 500-B,SG 500/7,PO,Serial,ZPLR/3310004839,2026-10-13,13381.09,45,10,,Regular,OPEN,,,,,,,,,,,,,,,,,,,,,,,,,,,,,,
WO-17504,2026-10-02 11:51:00,OAR-8200,Sumax Enterprise Pvt Ltd,SMX,SMX4T307,BARREL P1M054 03E-98036-0,4,SMX4,Maharashtra,SG 500-MX,80-55-06,PO,Serial,4100019564,2026-10-14,746,1600,23,,Regular,OPEN,,,,,,,,,,,,,,,,,,,,,,,,,,,,,,
WO-17505,2026-10-02 11:52:01,OAR-8201,Sumax Enterprise Pvt Ltd,SMX,SMX23T296,BARREL P1M065 03E-98291-0 - ROH,23,SMX23,Maharashtra,SG 500-MX,SG 500-MX,PO,Serial,4100019564,2026-10-13,1048,400,40,,Regular,OPEN,,,,,,,,,,,,,,,,,,,,,,,,,,,,,,
WO-17506,2026-10-02 11:52:42,OAR-8199,Sumax Enterprise Pvt Ltd,SMX,SMX3T360,BARREL P1M045 03E-98035-0,3,SMX3,Maharashtra,SG 500-MX,80-55-06,PO,Serial,4100019564,2026-10-14,657,1000,10,,Regular,OPEN,,,,,,,,,,,,,,,,,,,,,,,,,,,,,,
WO-17507,2026-10-02 11:53:33,OAR-8252,Milacron India Pvt Ltd.,MIL,MIL26T12,5225948X,26,MIL26,Gujarat,SG 450-M, FMIL 60-40-10,Schedule,Serial,SCHEDULE,2026-10-13,3694,20,10,,Regular,OPEN,,,,,,,,,,,,,,,,,,,,,,,,,,,,,,
WO-17508,2026-10-02 11:54:06,OAR-8260,Milacron India Pvt Ltd.,MIL,MIL53T32,11786580,53,MIL53,Gujarat,SG 450-B,SG 450/10,Schedule,Serial,SCHEDULE,2026-10-13,23687,24,10,,Regular,OPEN,,,,,,,,,,,,,,,,,,,,,,,,,,,,,,
WO-17509,2026-10-02 11:54:41,OAR-8274,Milacron India Pvt Ltd.,MIL,MIL79T609,11996438,79,MIL79,Gujarat,SG 450-M, FMIL 60-40-10,Schedule,Serial,SCHEDULE,2026-10-13,1971,63,10,,Regular,OPEN,,,,,,,,,,,,,,,,,,,,,,,,,,,,,,
WO-17510,2026-10-02 11:55:28,OAR-8270,Milacron India Pvt Ltd.,MIL,MIL71T37,11976570,71,MIL71,Gujarat,SG 450-B, FMIL 60-40-10,Schedule,Serial,SCHEDULE,2026-10-13,3625,11,3,,Regular,OPEN,,,,,,,,,,,,,,,,,,,,,,,,,,,,,,
WO-17511,2026-10-02 11:56:20,OAR-7243,"Auma India Private Limited,",AUM,AUM13T476,Z205.704-01(COUPLING GS 250 ),13,AUM13,Karnataka,SG 600-S,SG 600/3,PO,Serial,9801141,2026-10-13,7181,10,10,,Regular,OPEN,,,,,,,,,,,,,,,,,,,,,,,,,,,,,,
WO-17512,2026-10-02 11:56:53,OAR-8158,"Auma India Private Limited,",AUM,AUM11T470,Z205.673-01 (COUPLING GS 250),11,AUM11,Karnataka,SG 600-S,SG 600-S,PO,Serial,9803341,2026-10-13,6473,5,5,,Regular,,,,,,,,,,,,,,,,,,,,,,,,,,,,,,,
WO-17513,2026-10-02 11:57:28,OAR-8160,"Auma India Private Limited,",AUM,AUM10T611,Z207.132-01,10,AUM10,Karnataka,SG 600-S,SG 600-S,PO,Serial,9803341,2026-10-13,3181,12,5,,Regular,OPEN,,,,,,,,,,,,,,,,,,,,,,,,,,,,,,
WO-17514,2026-10-02 11:58:15,OAR-8305,"Auma India Private Limited,",AUM,AUM3T619,Z205.294-01,3,AUM3,Karnataka,SG 600-S,SG 600-S,PO,Serial,9803536,2026-10-13,7094,2,2,,Regular,,,,,,,,,,,,,,,,,,,,,,,,,,,,,,,
WO-17515,2026-10-02 11:59:21,OAR-7182,L,LTC,LTC41T398,30437705MG0,41,LTC41,Karnataka,SG 600-S,SG 600-S,Schedule,Serial,July Schedule,2026-10-13,2424,30,21,,Regular,,,,,,,,,,,,,,,,,,,,,,,,,,,,,,,
WO-17516,2026-10-02 12:57:03,OAR-8054,"Wipro Enterprises, Inc",WIE,WIE3T265,CWM006076U36,3,WIE3,Pennsylvania- 17201,SG 450-M,65-45-12 ASTM A536,PO,Serial,2178158,2026-10-13,867.11,700,19,,Regular,OPEN,,,,,,,,,,,,,,,,,,,,,,,,,,,,,,
WO-17517,2026-10-02 12:57:50,OAR-7412,Milacron India Pvt Ltd.,MIL,MIL121T624,11999608 TONNAGE CYL,121,MIL121,Gujarat,SG 450-M,SG 450-M,PO,Serial,Schedule,2026-10-07,37765,20,1,,Regular,OPEN,,,,,,,,,,,,,,,,,,,,,,,,,,,,,,
WO-17518,2026-10-02 12:58:30,OAR-6540,Adani New Industries Limited,ADN,ADN2T674,W1402-N0432-100-001-000-40-DMOD,2,ADN2,Gujrat,SG 400-B,0,PO,Serial,4526003209,2026-10-13,43155,80,1,,Regular,OPEN,,,,,,,,,,,,,,,,,,,,,,,,,,,,,,
WO-17519,2026-10-02 15:32:04,OAR-8182,PMC Hydraulics Pvt Ltd,PMC,PMC225T82,1232779 ( (174.2 x 89 x 87.4),225,PMC225,Karnataka,0,SG450/10,PO,Serial,31PO0008075,2026-10-10,2084,110,20,,Conversion,OPEN,,,,,,,,,,,,,,,,,,,,,,,,,,,,,,
WO-17520,2026-10-02 15:32:42,OAR-8183,PMC Hydraulics Pvt Ltd,PMC,PMC351T9,1242077 (101.5 X 101.5 X 109.5) 0.5,351,PMC351,Karnataka,SG 450-M,SG450/10,PO,Serial,31PO0008075,2026-10-10,1747,30,2,,Conversion,OPEN,,,,,,,,,,,,,,,,,,,,,,,,,,,,,,
WO-17521,2026-10-02 15:33:13,OAR-8204,PMC Hydraulics Pvt Ltd,PMC,PMC376,1248079 (101.6 X 69.8 X 62) 0.5MM,376,PMC376,Karnataka,SG 450/10,SG 450/10,PO,Serial,31PO0008098-1,2026-10-10,844,110,2,,Conversion,OPEN,,,,,,,,,,,,,,,,,,,,,,,,,,,,,,
WO-17522,2026-10-02 15:33:38,OAR-8205,PMC Hydraulics Pvt Ltd,PMC,PMC377,1248308 (76.2 X 90.0 X 177.8)  0.5MM,377,PMC377,Karnataka,SG 450/10,SG 450/10,PO,Serial,31PO0008098-1,2026-10-10,1982,10,2,,Conversion,OPEN,,,,,,,,,,,,,,,,,,,,,,,,,,,,,,
WO-17523,2026-10-02 15:34:07,OAR-8206,PMC Hydraulics Pvt Ltd,PMC,PMC378,1248309 (50.8 X 50.8 X 254)  0.5MM,378,PMC378,Karnataka,SG 450/10,SG 450/10,PO,Serial,31PO0008098-1,2026-10-10,1148,10,2,,Conversion,OPEN,,,,,,,,,,,,,,,,,,,,,,,,,,,,,,
WO-17524,2026-10-05 11:17:34,OAR-8241,Bilva Technologies Pvt Ltd,BLV,BLV3T448,DIA 135 X 40,3,BLV3,Karnataka,SG 450-M,SG 450-M,Schedule,Serial,PO2526-BTPL384,2026-10-10,885,2000,50,,Regular,OPEN,,,,,,,,,,,,,,,,,,,,,,,,,,,,,,
WO-17525,2026-10-05 11:18:14,OAR-6540,Adani New Industries Limited,ADN,ADN2T674,W1402-N0432-100-001-000-40-DMOD,2,ADN2,Gujrat,SG 400-B,0,PO,Serial,4526003209,2026-10-15,43155,80,5,,Regular,OPEN,,,,,,,,,,,,,,,,,,,,,,,,,,,,,,
WO-17526,2026-10-05 12:04:48,OAR-7378,Milacron India Pvt Ltd.,MIL,MIL123T640,12072092,123,MIL123,Gujarat,SG 450-S,SG,PO,Serial,SCHDULE,2026-10-13,33165,18,5,,Regular,OPEN,,,,,,,,,,,,,,,,,,,,,,,,,,,,,,
WO-17527,2026-10-05 12:05:56,OAR-8241,Bilva Technologies Pvt Ltd,BLV,BLV3T448,DIA 135 X 40,3,BLV3,Karnataka,SG 450-M,SG 450-M,Schedule,Serial,PO2526-BTPL384,2026-10-13,885,2000,50,,Regular,OPEN,,,,,,,,,,,,,,,,,,,,,,,,,,,,,,
WO-17528,2026-10-05 12:07:03,OAR-6540,Adani New Industries Limited,ADN,ADN2T674,W1402-N0432-100-001-000-40-DMOD,2,ADN2,Gujrat,SG 400-B,0,PO,Serial,4526003209,2026-10-13,43155,80,5,,Regular,OPEN,,,,,,,,,,,,,,,,,,,,,,,,,,,,,,
WO-17529,2026-10-05 12:07:54,OAR-8200,Sumax Enterprise Pvt Ltd,SMX,SMX4T307,BARREL P1M054 03E-98036-0,4,SMX4,Maharashtra,SG 500-MX,80-55-06,PO,Serial,4100019564,2026-10-13,746,1600,40,,Regular,OPEN,,,,,,,,,,,,,,,,,,,,,,,,,,,,,,
WO-17530,2026-10-05 12:08:52,OAR-8104,ASB INTERNATIONAL PVT LTD,ASB,ASB3T443,A61I0186100,3,ASB3,Maharashtra,SG 500-B,SG 500/7,PO,Serial,ZPLR/3310004839,2026-10-13,13381.09,45,10,,Regular,OPEN,,,,,,,,,,,,,,,,,,,,,,,,,,,,,,
WO-17531,2026-10-05 12:09:37,OAR-8170,ASB INTERNATIONAL PVT LTD,ASB,ASB173T368,D92I8001100,173,ASB173,Maharashtra,SG 500-S,SG 500/7,PO,Serial,ZPLV/3510011424,2026-10-13,1818.22,32,3,,Regular,OPEN,,,,,,,,,,,,,,,,,,,,,,,,,,,,,,
WO-17532,2026-10-05 12:10:11,OAR-8171,ASB INTERNATIONAL PVT LTD,ASB,ASB170T658,A02F0502002V,170,ASB170,Maharashtra,SG 500-M,SG 500/7,PO,Serial,ZPLV/3510011424,2026-10-13,906.38,36,3,,Regular,OPEN,,,,,,,,,,,,,,,,,,,,,,,,,,,,,,
WO-17533,2026-10-05 14:58:19,OAR-8229,L,LTC,LTC58T150,30027836C010,58,LTC58,Karnataka,SG 450-M,SG 450-M,PO,Serial,Schedule,2026-10-13,1200,50,8,,Conversion,OPEN,,,,,,,,,,,,,,,,,,,,,,,,,,,,,,
WO-17534,2026-10-05 15:08:55,OAR-8044,Shibaura Machine India Private Limited,TMI,TMI69T175,KM901124000285,69,TMI69,Tamilnadu,SG 450-S,SG450/10,PO,Serial,26012185,2026-10-20,448,50,1,,Conversion,OPEN,,,,,,,,,,,,,,,,,,,,,,,,,,,,,,
WO-17535,2026-10-05 17:35:13,OAR-8181,PMC Hydraulics Pvt Ltd,PMC,PMC210T100,152.5 x 150 x 127 - PMC,210,PMC210,Karnataka,0,SG 450/10,PO,Serial,31PO0008075,2026-10-13,4056,50,5,,Conversion,OPEN,,,,,,,,,,,,,,,,,,,,,,,,,,,,,,
